class,RMSE,NSE,R2
Shallow,4.750314650379208,0.6237091875987684,0.8397027135325271
Deep,1.8119924026481462,0.8902429793806677,0.8913722923443604
