model,rmse,nse,r_sqaured,mse
ANN1,2.7747510928861074,0.7908876771145664,0.7911563870016459,7.699243627472648
