model,rmse,nse,r_sqaured,mse
ANN2_1,3.0660825961130493,0.7903722626022595,0.798299241413519,9.400862486187336
