model,rmse,nse,r_sqaured,mse
ANN2_2,2.929205265677847,0.7669596218003351,0.778170281530027,8.580243488474824
