model,rmse,nse,r_sqaured,mse
LR1,3.2145905292896297,0.7193384716611693,0.7215403025149072,10.333592270998583
