model,rmse,nse,r_sqaured,mse
LR2_1,3.92072431325804,0.657221433238498,0.7165519504253554,15.37207914057273
