model,rmse,nse,r_sqaured,mse
LR2_2,3.3060835826224455,0.703134846762463,0.7182082673631387,10.930188655285663
