model,rmse,nse,r_sqaured,mse
RFR1,1.980262062155118,0.8934933073474778,0.8966626014272168,3.92143783481084
