model,rmse,nse,r_sqaured,mse
RFR2_2,2.5383107650247227,0.8250068103067447,0.8394060421264661,6.443021539840394
