model,rmse,nse,r_sqaured,mse
RFR2_1,3.392546332945505,0.7433551096258073,0.8020179898601042,11.509370621181992
