RMSE,MAE,NSE,R2,KGE,MSE
2.0289136671383488,1.416747724439875,0.9316803741895276,0.9316803741895276,0.9583057614802009,4.1164906687007825
