RMSE,MAE,NSE,R2,KGE,MSE
1.666472974331497,1.2190976253429864,0.9190840789611475,0.9190840789611475,0.9190962612357702,2.7771321741772663
