distance_category,rmse,r2,nse
within_50k,2.6298081456293376,0.8603937802189335,0.8487551355806101
beyond_50k,1.3774648400937892,0.9374759962472721,0.9370665151294717
